{"assets/images/icons/battery_active.svg":["assets/images/icons/battery_active.svg"],"assets/images/icons/battery_inactive.svg":["assets/images/icons/battery_inactive.svg"],"assets/images/icons/changepass.png":["assets/images/icons/changepass.png"],"assets/images/icons/changepass.svg":["assets/images/icons/changepass.svg"],"assets/images/icons/cp_notification.png":["assets/images/icons/cp_notification.png"],"assets/images/icons/devices_active.svg":["assets/images/icons/devices_active.svg"],"assets/images/icons/devices_inactive.svg":["assets/images/icons/devices_inactive.svg"],"assets/images/icons/home_active.svg":["assets/images/icons/home_active.svg"],"assets/images/icons/home_inactive.svg":["assets/images/icons/home_inactive.svg"],"assets/images/icons/ic_Search.png":["assets/images/icons/ic_Search.png"],"assets/images/icons/language.png":["assets/images/icons/language.png"],"assets/images/icons/language.svg":["assets/images/icons/language.svg"],"assets/images/icons/logout.png":["assets/images/icons/logout.png"],"assets/images/icons/logout.svg":["assets/images/icons/logout.svg"],"assets/images/icons/news_active.svg":["assets/images/icons/news_active.svg"],"assets/images/icons/news_inactive.svg":["assets/images/icons/news_inactive.svg"],"assets/images/icons/notifi_active.svg":["assets/images/icons/notifi_active.svg"],"assets/images/icons/notifi_inactive.svg":["assets/images/icons/notifi_inactive.svg"],"assets/images/icons/revenue_active.svg":["assets/images/icons/revenue_active.svg"],"assets/images/icons/revenue_inactive.svg":["assets/images/icons/revenue_inactive.svg"],"assets/images/icons/settings_active.svg":["assets/images/icons/settings_active.svg"],"assets/images/icons/settings_inactive.svg":["assets/images/icons/settings_inactive.svg"],"assets/images/icons/user.png":["assets/images/icons/user.png"],"assets/images/icons/wallet.png":["assets/images/icons/wallet.png"],"assets/images/icons/wallet.svg":["assets/images/icons/wallet.svg"],"assets/images/loading.gif":["assets/images/loading.gif"],"assets/images/loading_ver.gif":["assets/images/loading_ver.gif"],"packages/cupertino_icons/assets/CupertinoIcons.ttf":["packages/cupertino_icons/assets/CupertinoIcons.ttf"],"packages/window_manager/images/ic_chrome_close.png":["packages/window_manager/images/ic_chrome_close.png"],"packages/window_manager/images/ic_chrome_maximize.png":["packages/window_manager/images/ic_chrome_maximize.png"],"packages/window_manager/images/ic_chrome_minimize.png":["packages/window_manager/images/ic_chrome_minimize.png"],"packages/window_manager/images/ic_chrome_unmaximize.png":["packages/window_manager/images/ic_chrome_unmaximize.png"]}